,date,
0,Mon Nov  6 22:30:08 2023,"KLO1KLKLO1
"
,date,
0,Mon Nov  6 22:33:18 2023,"| HR26DK8337|
"
,date,
0,Mon Nov  6 22:36:29 2023,
,date,
0,Mon Nov  6 22:36:47 2023,
,date,
0,Mon Nov  6 22:37:59 2023,
,date,
0,Mon Nov  6 22:40:17 2023,
,date,
0,Mon Nov  6 22:42:28 2023,"MH14EU3498
"
,date,
0,Mon Nov  6 22:42:40 2023,"MH 20 EE 7598
"
,date,
0,Mon Nov  6 22:49:45 2023,"MH 20 EE 7598
"
,date,
0,Mon Nov  6 22:49:55 2023,"MH 20 EE 7598
"
,date,
0,Mon Nov  6 22:55:40 2023,"MH 20 EE 7598
"
,date,
0,Mon Nov  6 22:59:19 2023,"MH 20 EE 7598
"
,date,
0,Mon Nov  6 23:19:37 2023,"MH 20 EE 7598
"
,date,
0,Mon Nov  6 23:33:43 2023,"MH 20 EE 7598
"
